ABHIJEET-MUNESHWAR/BrokerCore|monitoring/alertmanager.yml	61d8c64199e9d1cc7d1bbf2af69e0e8340b48caa
ABHIJEET-MUNESHWAR/ClearLedger|monitoring/alertmanager.yml	5666bba81ac7ffa675fc814f5e452dc939cb811a
Al-DozoR/sincslot_hw|monitoring/alertmanager/alertmanager.yml	55cc115c6ad1568a76c367d767d3a6c9401d2999
Ali4LFC/QazaqAir|monitoring/alertmanager/alertmanager.yml	c0550b86394cbbe1cb6f715e44d5a7c6e00a9617
Amyshk786/Observability-Zero-To-Hero|Day-04/alerts-alertmanager-servicemonitor-manifest/alertmangerconfig.yml	020cbdb1371899ec947e5b6507ad2dd2791b7bd6
Avanish3/Zenvy-Online-Shoping|backend/observability/alertmanager.yml	55e12f789b3d5855649b582f9415ebad969d0ab5
Ayushpate2003/SentinelMesh|monitoring/alertmanager.yml	1e6e665f691994395b3d725b93dc657106f0c7de
Basistrain/TP_Devops_Dylan|monitoring/dev/alertmanager/alertmanager.yml	f07d10ecf1edac3810ce4216cdd28b621677937c
BataraKresn/infrastructure-monitoring-stack|alertmanager/alertmanager.yml	dafc9569be43899b9985fa1c36485989933873e1
BindhuYe/knowledgebase|application_monitoring/4	unknown
Catzilllla/s21_DevOps|DO4_LinuxMonitoring_v2.0-1/src/07/alertmanager.yml	fef4a4c68054fa75a6ebfc2b16587e843c1e72cd
DICKY1987/eafix-modular|observability/1299900080260118_alertmanager.yml	66d49fdf5f9ce912cb9bc7b3c1117605eec1c399
Dankoy/jforwarder|monitoring/alertmanager/alertmanager.yml	2ab93de5692d58970f57036278bddeeeee4effb8
Dokt18/observability_hw1|GAP-1/alertmanager.yml	ed0dd88a9a841382fe2a0f56fedc56061313bd7b
Elyablack/monitoring-stack|alertmanager/alertmanager.yml	974b0c51b26c29b1e2a011e813b5a871ab9ee880
Eng-Moataz-M-Khaled/kubernetes-monitoring-prometheus|monitoring-stack/discord-alertmanagerconfig.yml	ff245dd87defe3998b664819c0c5dc489ae0add5
ErenAri/graphrag-eu-regulations|infra/observability/alertmanager/alertmanager.yml	449e87ea3afdbbb7985f9e6662d3a9478b47389e
Federicojaviermartino/crypto-erp|monitoring/alertmanager.yml	b29d34d4a45ca547eb843c06d0038ea825756011
Gorschenko/different-tests|prometheus/alertmanager_configs/alertmanager.yml	afdb546cd3dfc3f55f530858a8a5b35ea1362705
Inacap-Analistas-programador/IngSw-seccion1|monitoring/alertmanager.yml	3ec5da92dccb44354623e7ecf65ba0e3e3ade7f9
Jagadhish3/k8s_Project|alertmanager.yml	97e349882ba0f7c4cfbff2fcd2c455007dc43ca2
JustinShih0918/cloud_native_backend|monitoring/alertmanager/alertmanager.yml	38fda32e7dcc60eecac6c7b925831303eed5528d
Kasuich/telegram_scrum_master|monitoring/alertmanager.yml	06594c89e6cd762fcfd34834dc3a5cfcacc2a506
KelianHalleray/devops-hetic-exercice|exercice-prometheus/monitoring/alertmanager/alertmanager.yml	5ae0df29f669a136f90b5ed758f48530c746b3a6
Kurligin/monitoring-test|monitoring/alertmanager/alertmanager.yml	d4983e10c7ae249290c7214c35a823f4a4de9e9f
Lifailon/rudocs|Docker-Compose/mon-stack/alertmanager.yml	206736a83fe1b8bc79eeaf8428145b938412b0ee
NDXDeveloper/formation-debian|module-15-observabilite-monitoring/scripts/02-prometheus/02.3-alertmanager.yml	8e750e89e337b04eceb2b48208ae4c137ec85a79
OTMO123/VitalCore|monitoring/alertmanager/alertmanager.yml	968bc3dcd12687f6eef80906a9ec609e380ab31f
Oscarj-jqt/devops-chart-app|monitoring/alertmanager/alertmanager.yml	8605574d34f17d1fe5315e0b2b14b7bb400e5e65
PhongSEVN/VietCropDoctor|infra/monitoring/alertmanager/alertmanager.yml	cb100e76254ed6a7eec71db829e0c3273663c3d2
PrasiddhaBhattarai/Docker-Monitoring-Alerting-Stack|alertmanager/alertmanager.yml	5aa7ad6228eccaa2b4faf08a2b4ab8249675dc75
RazorBest/docker-peer-observer|alertmanager.yml	4d84d22c79a546667e6e52b0648d696dac4d5bfe
RosieOh/MediView-infra|monitoring/alertmanager/alertmanager.yml	5e16744582c822bf6a112c0bd515333834b16e5d
Sabarish-29/phoenix-guardian-v4|config/alertmanager.yml	78e62cbc35d093ff2d24c86abe5e4af84d368dec
SamHarrison1999/lifecoach-mvp|observability/alertmanager/alertmanager.yml	0798465b7bafca62636f07a8fd0c2cbb232353ea
Shubham-Kumar1/observability-demo|grafana/alertmanager-config.yaml	1d3c61c69ded520453d6f63bf261829c3ff975c9
Sijoma/home-k8s-infra|monitoring/alertmanagerconfig.yaml	6e08127f29a57cd0cf26e8166a576a475e16307c
TheLegendAsh33/Monitoring-Observability-Setup|monitoring/alertmanager/alertmanager.yml	c15c85d7df9583a804e6bfbd4e90937f2ba7accd
Tr285-ai/N5StyleEA_Pro|tools/alerts/alertmanager.yml	0cc96a89a4658f7dae21600437f1075c70823e7e
Vahid-Kouh-Jani-Gouji/SNS-Alertmanager-Prometheus-Terraform|files/alertmanager.yml	c6dfdec3478b0554662cbe1dcdaf9ed6d0398acb
VarunMendre/Server-Snippets|Observability-Fundamentals/24_Setting-Up-Prometheus-Alertmanager/alertmanager.yml	743a02d1eec743bbc98720eb7d6eb0f8b78f0de5
Vln4ik/Diplom-XAI-Project|infra/observability/alertmanager/alertmanager.yml	0c3609d631a9c3d001733814ebe7d3916df5b1e3
altsvayer/CyberArena-Monitoring-Stack|alertmanager.yml	a705bdfbbb6700e7fe91498301c48ee8a2241c5d
amhyer/makassarujian|docker/prometheus/alertmanager.yml	98bbddf88d1bb3227a9254a513ba61daebbf21b8
basnight/eks-monitoring-and-logging|kube-prometheus-stack/alertmangerconfig.yml	c075861510a3bdcfd3f301cf3a847afb1f2bbd43
bfritzinger/Misc_Scripts|pwr-temp-monitor/alertmanager.yml	13c5f42d47f3671a094ab283a0cdcda4032677d7
bigjazzsound/serpentera|apps/monitoring-configs/alertmanagerconfig.yml	d7e090e9363a05e9a733ec4c24f9b87742819b7a
bmsull560/Fabric_4L|k8s/base/monitoring-alertmanager.yml	ba2aad0bfb43f14cedfcfdee4b5f6c6a88046dd7
botAGI/AGmind64|templates/observability/alertmanager.yml	7352e23e6c2a3cf90f7b48596ffa8dddee68d1ad
brushkovskiy/observability-DZ|alertmanager.yml	f63f1a2c54ff57c9f0614bf67527a1994494054e
busybrainx99/ecommerce-microservices-k8s|manifest-alertconfig/alertmanagerconfig.yml	817753dcc45f8f7a6c793f72ff988eaefc2311e2
c50bossio/6fb-dashboard-staging|infrastructure/monitoring/alertmanager/alertmanager.yml	ca8049cf4b8d08f843d5c14c41708744718be356
canccevik/vitrin|infra/compose/config/alertmanager/alertmanager.yml	ef44b7250b47cd30f44ddeb02288623d0244f28c
canonical/alertmanager-rock|0.25.0/alertmanager.yml	4420df28ed3f1e481ce7415105a98629252a56d3
cartheur-research/bunnyhop|k8s/config/alertmanager.yml	9f40074cbe3a44900f205c98c96d9f6f40c2a2a4
datshroud/facebook-page-api|alertmanager/alertmanager.yml	18c6b05f8baeee4107a9a48d029ba65a00dc9e50
duang3457/instant_messaging_project|monitoring/alertmanager.yml	9efeb6aa99459053b8435e10abcef86f0eb56626
duxexch/amlo|monitoring/alertmanager/alertmanager.yml	24984fe2137c94b5e1e0a315d5bfa375a0618c74
edsonwade/ecommerce|alertmanager/alertmanager.yml	8dcf10c7a1aa6eaf0e13f60acbb4379610ed2e09
egorsmkv/grafana-dockerized|alertmanager.yml	5facb6657bec6adc5c5c2fa719b7021827ff7cba
elcruzo/LLMetrics|prometheus/alertmanager.yml	b73856667181475650a9d4c9465c2069a8459bf6
elifesciences/monitor-formula|salt/monitor/config/etc-alertmanager.yml	86ed04374f543694d532ea74ff4a9cadbb91999e
engramia/engramia|monitoring/alertmanager.yml	618b1a4e7bb186eae33c7cd094869060219ee320
ericoneto1405/GERPED-PLUS|infrastructure/logging/alertmanager.yml	3519e8be837a5171f51f14c85a7a03f54635b415
ericson-j-santos/reqsys-v2-enterprise-real|services/environment-observability-api/observability/dev/alertmanager.yml	be556640c7fcdf3b578825b58a4ec8b8af87fe43
fall-out-bug/AI_Advent_Challenge|prometheus/alertmanager.yml	2e1022a455a73c233b1f44ab9487ecc60618b786
ganesh5124/Observability|day-4/alerts-alertmanager-servicemonitor-manifest/alertmangerconfig.yml	2289cee5cf7cd2fb8a09188c0adcb9b7f411249e
ggurgutov/App_Monitoring_Exercises|Exercises/alertmanager.yml	bd07f4dfc2fc75eb15b85a224f6114b971c1ad6c
ghostchain1/ghostl-stack|infra/opstack/observability/alertmanager.yml	7fc96067eb169f42d9f98951748a8e00dbf0ba6c
grapheneaffiliate/Transformer-VM-Bank|ops/alertmanager.yml	ae8f6cfdf2d08eda033cbb3f3d073ddaca1a6674
grustnuy/otus|Observability/Prometheus-Exporters,Service_Discovery/GAP-1/alertmanager.yml	f41662c207be9b642a5a3824470dc0fd505a49f1
gs0430/CRE-Market-AI|ops/monitoring/alertmanager/alertmanager.yml	6023430892f1d4138fc66ffc7bf34623a2a214a4
hailuo313-tech/hugme|monitoring/alertmanager/alertmanager.yml	3b75eed8e1b55fe4931ba0a9d7a3321e8ab9e289
irorikon/prometheus-compose|alertmanager/alertmanager.yml	836c69e6866a14f219b2d4ee605a70ab697a7ef3
istanculea/Ionut-Stanculea-Portofolio|portfolio-work/labs/prometheus-grafana-alerting/alertmanager.yml	c48ce6318cad7ca4b24d9338734e7781d3b44a4a
jaspervincent/devops-installation-examples|topic/kubernetes/infra/prod/monitoring-stack/alertmanager/config.yml	34cb87cf0be71b1baa09bf041485b23dc71bf4e9
justsaumit/internship-learning|Day15-140623/alertmanager.yml	70c6b507cf33753ca720efa1bc28a2995808492c
klogins-hash/agent-dream-team|alertmanager.yml	240a1c4b7e05ba7965e5161bff1b96203c20cb6b
kwstars/demo|prometheus/basics/alertmanager.yml	2f54f4e7e07d9178f46e76c6d264c0e626847d21
malempati-git/Projects|observability/day-4/alerts-alertmanager-servicemonitor-manifest/alertmangerconfig.yml	d0b101a2a49c96c1250ab2b2368b8b0126856342
manish7992/GitOps-K8s-deployment|monitoring/alertmanager.yml	e7587630cfa750ebeaba32058ee5b8156c1ed143
marionmdeguzman/flaskapp-prometheus-grafana-alertmanager|alertmanager.yml	a4d688459b02e4fef9d7349574e3f380c4143522
mbuechner/monitoring|alertmanager/alertmanager.yml	4a97d26d5c9ade465252879dbf3acebb4652e7b1
mikesvoboda/nemotron-v3-home-security-intelligence|monitoring/alertmanager.yml	63bc56e6e6feb32fa92fd3ff7c9a1e914bc3071f
mkez00/prom-alertmanager-ha|data/alertmanager.yml	1efa33f7373db00f22dcfd0f7256030077ae6601
multani/lab-alertmanager|compose/alertmanager/alertmanager.yml	3e0cf988baf90751d583230bc1a6cd88b51e93de
nataliagranato/vinyl-catalog|alertmanager/alertmanager.yml	4d16807dd8c65c074ce7657a7e5e3aa255264ea9
nawedy/secure-ai-nexus|k8s/base/monitoring/alert-manager.yaml	c0d5270bd26cf6e1f75f16a4aa9aec1a97fe673d
nisarNh44/iam-veeramalla-observability-zero-to-hero|day-4/alerts-alertmanager-servicemonitor-manifest/alertmangerconfig.yml	86e987ae5f94b783531ea9267b2244c89bd3baa6
prathamhole14/gpu_pilot|monitoring/alertmanager.yml	08c1fd70a9fc3d19d4df62e9f3d13a19f02ee61f
praveen28-dev/Self-Healing-Infrastructure-with-Chaos-Engineering|alertmanager-config.yml	0c948eff4e2920ee5a4c9417ecb8cf1354eee752
prometheus-up-and-running-2e/examples|19/combined-alertmanager.yml	4f18058957d9978e4b7eb95161e092ee19973a84
prometheus/alertmanager|examples/ha/alertmanager.yml	29a3b5a758d277fdce442ab27aff7124746ce816
ramazanix/tinkoff-sre|prometheus/alertmanager/alertmanager.yml	e1dc8a71df2199e28964eed9b37f130027780106
renanaugustomacena-ux/macena-factorymind|monitoring/alertmanager.yml	d4c51074eadc07b3134bdd5c23aae77f781f5f13
rohandeb2/observability-SLI_SLO_proj|alertmanager/alertmanager.yml	670e3e3cf055f03ec3e241947d034446b8a0a891
ruvnet/hacker-league|alertmanager.yml	5228177dbfe94dcb3483a8451c049a3f8dd17617
saymonuel52-cpu/vseinstrumenti-parser|alertmanager.yml	20197623f64094895b9e158517e9bcce7ec030aa
shazforiot/Prometheusalertmanager|slack_alertmanager.yml	cbc13986885eafb507439f57463359780a27df0e
sirschrockalot/Slack-KPI-Service|monitoring/alertmanager.yml	8c5b55b367b13ab64074dd95487520b9f2a04428
skhard99/django-ws|websocket_app/alertmanager.yml	72d6353d44369961e5020239744b10abff8eb161
smalltown/kubernetes-summit|2024/alertmanagerconfig.yaml	d13acd9c8d9d6dd24308e54c0f58497d6d0fadb7
sodops/AI-Home|alertmanager/alertmanager.yml	fc678d174f4f112f92221aef8d012a0c992b020e
stariyded/prometheus.learning|alertmanager.yml	eb6661878a554c85fdab2bd5ccd7a728c507c948
techwithnc/myprojects|project-08/alertmanager.yml	12469134d63a7d366f30378c99349fba7619c6e5
thuhang012/mlops-customer-churn|monitoring/alertmanager/alertmanager.yml	78602eaf0c99b16b0b10fdc528e261336e35d74d
trinhtanphat/CDNetworks-platform|infrastructure/observability/alertmanager.yml	e1d66d781d2f4e800e1a78f60be3065e3299db0b
umons-ig/Iot-RAMI|monitoring/alertmanager.yml	094302f1b04e32a211fa3855f162384422842ee5
v5tech/notes|prometheus/alertmanager.yml	5d46e91e841cc35ec04fee7dd5de99d0d35faacf
vickydevo/25HRS-DevOps|Day6/Metrics/custom-app-metrics/alerts-alertmanager-servicemonitor-manifest/alertmangerconfig.yml	c1e65d839a97f8b25b594ea0a237e0032f08ea65
vireakouk/network-observability-stack|alertmanager/alertmanager.yml	34fb4b7ad2bb4e7035ecf7747d23d9472ac858e2
wcassw/Kubernetes-with-Monitoring|k8s	unknown
yansetiaji/observability-stack|configs/alertmanager/alertmanager.yml	7d280bdd3f9487d32154847a7cbb281f77bfbbba
yordanoshagos/devops-satellite-telemetry|alertmanager/alertmanager.yml	186c73363850a9e9d67db58a2a990a67b8b68eb1
